{"cameraMode":{"drawMode":0,"name":"Shaded","section":"Shading Mode"},"sceneLighting":true,"audioPlay":false,"sceneViewState":{"showFog":true,"showMaterialUpdate":true,"showSkybox":true,"showFlares":true,"showImageEffects":true,"showParticleSystems":true},"in2DMode":false,"pivot":{"x":2037.4000244140625,"y":52.38003158569336,"z":-21.802780151367189},"rotation":{"x":-0.14052921533584596,"y":0.00742550753057003,"z":-0.0010540005750954152,"w":-0.9900481700897217},"size":186.19216918945313,"orthographic":true}